{"comedy": [{"pageid": 65472803, "title": "1 Night in San Diego", "section": "plot", "sectionid": "1", "plot": "Hannah, a former reality star, and Brooklyn, a social media influencer, are a pair of best friends and wannabe celebrities who have recently moved out to Hollywood. Facing personal and professional woes, they accept an invitation to spend time with a former high school crush in San Diego. When they ultimately find him unappealing, they decide to spend a debauchery-filled night out in the city that will test the limits of their friendship."}, {"pageid": 64185439, "title": "1st Born", "section": "plot", "sectionid": "1", "plot": ""}, {"pageid": 66520293, "title": "1Up (film)", "section": "plot", "sectionid": "1", "plot": "Vivian V Lee is a competitive gamer whose impressive skills have landed her a college scholarship and a place on the Betas, Barrett Universitys male-dominated team. But when the Betas captain Dustin tells V shell never be a starting player, its game on. Joined by her best friend Sloane, and under the guidance of her coach Parker, V forms a fierce all-girl team to band together with one common goal: level up to the nationals...and take down the Betas!"}, {"pageid": 26164871, "title": "3 Nuts in Search of a Bolt", "section": "plot", "sectionid": "1", "plot": "An out of work Method actor is hired by a stripper, a male model, and a car salesman to listen to their problems and go see a psychiatrist on their behalf; the three \"nuts\" lack the funds to see the psychiatrist on their own, hence the request. The actor has to pretend that he alone has all the problems of the three who hired him. The psychiatrist is naturally intrigued and begins secretly recording her sessions with him."}, {"pageid": 33736342, "title": "3, 2, 1... Frankie Go Boom", "section": "plot", "sectionid": "1", "plot": "Two brothers (Charlie Hunnam and Chris O'Dowd) seek the help of a transgender hacker (Ron Perlman) in erasing all evidence of a sex tape from the internet before the unhinged movie star father (Chris Noth) of the girl involved (Lizzy Caplan) seeks violent revenge. Cast member Lizzy Caplan described the plot: \"It's about a guy whose life has been ruined by a YouTube video that has gone viral and so he's been hiding out and he gets brought back into civilization (because he's been living in the middle of nowhere) by his really manipulative, horrible brother. And everybody in his life is sort of terrible [and it's about] how he deals with that.\""}, {"pageid": 57033594, "title": "6 Day Bike Rider", "section": "plot", "sectionid": "1", "plot": "This is the story of a young clerk who has failed at everything he has tried in his life so far. He enters a six-day bicycle race to impress his girlfriend and hilarious hijinks ensue. He eventually wins this race, marries his girlfriend and they live happily ever after."}, {"pageid": 61958208, "title": "7 Days to Vegas", "section": "plot", "sectionid": "1", "plot": "This article needs an improved plot summary. You can provide one by editing this article. (October 2019) (Learn how and when to remove this template message) Hollywood big shots bet on anything in \"sin city\". Duke is a washed up former actor still living in LA. He runs a local poker game with a variety of characters. One day a director Sebastion joins the game and quickly becomes the best player. While Sebastion is a stereotypical douchebag Hollywood director he has access to the people with more money willing to play and Duke partners up with Sebastion to make more and more money. The guys have side bets on everything from can you make a paper ball into trash can for $500 to can the little person blindfolded on the roof jump into the pool safely. (Spoiler...he makes it). The game grows bigger and bigger and Sebastions true colors start to show more and more. He always has an angle and if you make a prop bet with him you can be sure hes rigged the odds in his favor. Sebastion doesnt need the money its all about winning for him. For Duke this is his only source of income and he steadily saves wads of cash buried in his yard until hes saved up over $1,000,000. Through a Ponzi scheme run by Sebastions friend Duke loses everything and Sebastion brags he never invested a dime with the guy. This is when Duke has had enough and decided to put in motion a series of events that ends with a bet on Duke walking to Las Vegas in 7 days 280 miles with pages of rules and stipulations. Duke gets $1,000,000 and puts it up against Sebastions $5,000,000 that Duke can do it. The guys pile in an RV and follow Duke on his 7 day journey filled with prop bets along the way. There are plenty of double crosses and things are never what they seem and in the end everyone gets what they deserve... or do they??"}, {"pageid": 56782816, "title": "$10 Raise", "section": "plot", "sectionid": "1", "plot": "Hubert T. Wilkins is a bookkeeper who is encouraged by his romantic interest, Emily Converse, to ask his boss, Mr. Bates, for a $10 dollar pay rise. He is then fired and has no money for his and Emily's wedding. He seeks to invest in property to regain his fortune."}, {"pageid": 68381558, "title": "18 to Party", "section": "plot", "sectionid": "1", "plot": "It is 1984. A group of teenagers spend the day waiting to get into a nightclub. Meanwhile school is approaching and a group of eight graders are forced to go back to their studies. The group includes nerdy Shel, his crush Amy, music fan Missy, bickering Peter and Dean, burly Brad, smart-ass Kira, and Lanky, who has been released from youth detention center and has been considering going back to school. While they wait outside for a nightclub to open, the teens raise hot topics that range from UFO sightings to music, and from Lanky's release to what's in store when school is back in session. While discussing those topics, they realize some crazy truths about each other."}, {"pageid": 34098133, "title": "21 & Over (film)", "section": "plot", "sectionid": "1", "plot": "Casey and Miller invite their college friend, Jeff Chang, out to celebrate his 21st birthday. Jeff declines, citing an important medical school interview early the next morning that his domineering doctor father arranged; Jeff finally agrees to having one drink. At a bar, Jeff accidentally hits a guy with a dart, and the trio flee, interrupting Casey's chat with Jeff's attractive friend, Nicole. Enthused about drinking legally, Jeff over imbibes and passes out. Casey and Miller want to take Jeff home but forget where he lives. Thinking that Nicole knows Jeff's address, they sneak into what they believe is her sorority house, only to discover it is a Latina one. Upstairs, they encounter two blindfolded pledges undergoing initiation. Miller paddles the girls' buttocks, ordering them to make out. Upon realizing they were tricked, the entire sorority is furious. Casey and Miller escape, first tossing Jeff from an upstairs balcony onto a covered pool. Bouncing off, a drunken Jeff lands in a rose garden still passed out. The boys locate Nicole at a pep rally. She refers them to her boyfriend, Randy, the angry guy from the bar. When he refuses to look up the address in his phone, they steal it. Jeff no longer lives at that address but a party is in progress there. Searching for somebody who knows Jeff's address, Casey and Miller leave him alone with two stoners. For fun, they strip Jeff, write \"Douche Bag\" on his forehead and glue a teddy bear to his crotch. He then wanders into the street, causing a commotion. The police apprehend and transfer him to the campus health center. As Casey and Miller head to the clinic, the vengeful Latina sorority girls abduct them. They find themselves in a ritualistic setting, stripped and shackled to the floor. They are forced to endure what they tricked the two pledge girls into doing. Embarrassed, bruised, and sporting bright-red spanked buttocks, they are released and walk across campus wearing only tube socks over their genitals. Casey blames Miller's immaturity for their predicament, unleashing long-simmering mutual resentment that culminates into a brawl. At the health center, Casey and Miller discover Jeff is on a 24-hour hold due to a previous suicide attempt. They encounter Nicole. She is there with Randy, who was injured at the pep rally, though she has just broken up with him. Casey and Miller eventually deduce where Jeff lives and smuggle him out of the clinic. Groggy and barely sober, Jeff steals Randy's truck, fleeing with Miller and Casey. Randy and his buddies, and also the police, chase them until the vehicle careens down an embankment, losing the pursuers. They arrive at Jeff's apartment with barely enough time to prepare him for the interview. Randy arrives, threatening the boys, but Jeff's father shows up and beats Randy. Encouraged by Casey and Miller, Jeff confronts his father, saying he does not want to be a doctor. Dr. Chang berates him until Jeff orders him to leave, surprisingly earning him Randy's respect, who resents his own domineering father. Casey, meanwhile, realizes he has fallen for Nicole and goes after her. Three months later, Casey, Nicole, Miller, and Jeff are partying at a music festival. Later, Miller, a college dropout who was an intelligent but academically lazy student, applies to Jeff's university. Casey is dating Nicole. Jeff is pursuing music and has a girlfriend."}, {"pageid": 14524270, "title": "29th and Gay", "section": "plot", "sectionid": "1", "plot": "James Sanchez is a 29-year-old gay man who feels he has reached a dead end in his life. While his best friend Roxy, an actress-turned-activist, struggles to show him there is life beyond the glitz of the disco ball, his other friend, Brandon works on getting James to socialize. Feeling out of place in the world and caught between his Hispanic-American heritage and his homosexuality, James grows, realizing that life is in the journey, not the destination. Throughout his long journey to find a partner, James dates many different men, many of whom he meets in gay bars. He attempts to find a man online, which leads him to Mike. They go on a date, which seems to be \"perfect,\" but Mike never calls back. Throughout his relationship troubles, James also deals with his parents, who try to be much too accepting (they buy him overly stereotypical gifts such as musicals and a sex swing for special occasions), a lack of a job, a lack of inspiration for his talents as an actor and his lack of confidence to approach the man he has a crush on, the hot and sexy coffee barista in the cafe down the street. After going through friendship troubles, all too depressing moments and losing his apartment's electricity, he struggles his way back into life by getting an acting job and perhaps finding the man of his dreams."}, {"pageid": 24600431, "title": "40 Pounds of Trouble", "section": "plot", "sectionid": "1", "plot": "A casino manager (played by Tony Curtis) and his club singer, Chris Lockwood (played by Suzanne Pleshette), find their hands full when they agree to take in a troublesome young girl named Penny Piper (played by Claire Wilcox), left behind in the casino by her gambling father. The little girl hinders the manager's plans to keep his gaming licence. Penny thinks that Steve needs to get married and settle down, so she starts trying to match make, trying to set him up with Chris. Steve is still reeling from his failed first marriage and is apprehensive about another trip to the altar. The movie's culmination involves a slapstick pursuit through Disneyland."}, {"pageid": 48054547, "title": "45 Fathers", "section": "plot", "sectionid": "1", "plot": "The plot is built around a group of old men that decide to adopt an orphan girl, once adopted she dances, sings and does whatever she can to help around."}, {"pageid": 47182157, "title": "$1,000 a Touchdown", "section": "plot", "sectionid": "1", "plot": "Marlowe Booth and his wife Martha inherit a tapped out college and decide to strengthen the college's football team in order to increase funding, so they decide to give 1,000 dollars for each touchdown made."}, {"pageid": 32671634, "title": "1,000 Dollars a Minute", "section": "plot", "sectionid": "1", "plot": "A broken and pennyless newspaperman takes part in an experiment where two crazy millionaires are offering a prize of $10,000 to anyone that can spend $1,000 a minute, every minute, for 12 hours straight."}, {"pageid": 48767395, "title": "2000 Years Later", "section": "plot", "sectionid": "1", "plot": ""}, {"pageid": 8101258, "title": "Abbott and Costello in Hollywood", "section": "plot", "sectionid": "1", "plot": "A barber, Buzz Curtis, and a porter, Abercrombie, work for a Hollywood salon. They are sent to the office of agent Norman Royce to give him a haircut and a shoeshine. On the way there they run into former co-worker Claire Warren, who is about to star as the lead in a new musical. At the same time her co-star Gregory LeMaise, whose fame is dwindling, arrives and invites her to join him at lunch. She declines, which angers him. While at the agent's office Buzz and Abercrombie witness LeMaise enter and declare to Royce that he cannot work with Claire. Royce, who has just seen a young singer, Jeff Parker audition, fires LeMaise and offers the job to Parker. This causes LeMaise to change his mind, and Royce does as well, giving LeMaise his job back. Buzz and Abercrombie quickly switch careers and become Parker's agents, and head to the studio's chief, Mr. Kavanaugh, to find a role for Parker. Unfortunately, when they meet up with Kavanaugh it's because they just crashed their car into his at the studio gate. Kavanaugh bans them from the lot, but they manage to sneak back in with a group of extras. Once inside they find themselves at the wardrobe department and Buzz gets dressed as a cop and Abercrombie as a tramp. They use their newfound disguises to roam the lot. Later, Buzz and Abercrombie try to help Parker get the role by getting LeMaise out of the picture by trying to start a fight with him. Their plan is to photograph him hitting Abercrombie and then having him arrested. The plan goes off without a hitch until Abercombie falls overboard after being hit and is feared drowned. LeMaise decides to hide, and Parker is given the role in his place. LeMaise eventually discovers that Abercrombie is still alive and chases him around the backlot. LeMaise eventually is caught, and Claire and Parker become famous when the film is successful. Subsequently, Buzz and Abercrombie become big-time agents in Hollywood."}, {"pageid": 8178551, "title": "Abbott and Costello in the Foreign Legion", "section": "plot", "sectionid": "1", "plot": "Bud Jones and Lou Hotchkiss are wrestling promoters. Their star, the proud Abdullah, no longer wishes to follow the script for their pre-arranged bouts, especially since he is supposed to lose his next match. Abdullah leaves America to return to his homeland, Algeria. The promoters' financiers, a syndicate that has lent them $5,000 to bring Abdullah to the States, are now requiring them to return the money or face the consequences. The two men follow Abdullah to Algeria in hopes of bringing him back. Meanwhile, Abdullah's cousin, Sheik Hamud El Khalid and a crooked Foreign Legionnaire, Sgt. Axmann, have been raiding a railroad construction site in order to extort \"protection\" money from the railroad company. When Bud and Lou arrive they are mistaken for company spies, and the Sheik and Axmann attempt to murder them. As each attempt fails, the assassins' hatred for Bud and Lou intensifies, especially when Lou unintentionally outbids the Sheik for six slave girls, one of whom, Nicole, is actually a French spy assigned to gain entry into the Sheik's camp. The boys are then chased, only to wind up hiding at the Foreign Legion headquarters, where Axmann tricks them to join. Meanwhile, the Foreign Legion Commandant suspects that there is a traitor among the Legionnaires, as the Sheik anticipates every one of the Legion's moves (secretly through Axmann). The Commandant then grants Bud and Lou a pass into town where they discovers Axmann's alliance with the Arabs before meeting Nicole. She informs them that they must search Axmann's room for proof that he is a traitor, but he catches them in the act. However, they are spared, only to end up at a Legionnaire desert camp. At night, just before the camp is ambushed by the Sheik's men, Bud and Lou wander off in search of a camel that ran off and escape death. They are eventually captured, along with Nicole, who is put in Sheik Hamud's harem. The Sheik orders that one of his wrestlers execute them. The wrestler turns out to be Abdullah, who helps them escape so he can escape from being married to an unattractive woman. They head to Fort Apar, where they lure the Sheik's men inside and then blow it up. They are given awards by the Commandant and honorably discharged from the Legion. Lou thanks Nicole for helping them and gives his award to her before they leave, only for Bud to find out that Lou is taking the six slave girls with them back to the States."}, {"pageid": 5566250, "title": "Abie's Irish Rose (1928 film)", "section": "plot", "sectionid": "1", "plot": "A Jewish boy, Abie Levy (Rogers), falls in love with and secretly marries Rosemary Murphy (Carroll), an Irish Catholic girl, but lies to his family, saying that she's Jewish. The fathers of both bride and groom are at first religiously bigoted toward the other but with the birth of twin grandchildren, their antagonism fades."}, {"pageid": 44111921, "title": "Abie's Irish Rose (1946 film)", "section": "plot", "sectionid": "1", "plot": "Stationed in London, the Jewish American soldier Abie Levy falls in love with a young Irish Catholic lady, Rosemary Murphy, and they get married. Their families are not informed, and when the time comes for Rosemary to return to the United States, the only thing Abie tells his father Solomon is that he has met a girl and is in love. Solomon takes a liking to Rosemary, but assumes she shares the same faith. A wedding is planned, no one else yet told that the couple are already husband and wife. The bride-to-be's father, Patrick Murphy, arrives, under the false impression that his daughter intends to wed an Irish Catholic man named McGee. Once the truth is revealed, neither father is on speaking terms with the children or each other. A year goes by and Rosemary gives birth. Family friends, the Cohens and an Irish priest, coax the grandfathers into finally making a visit. A baby boy, given the name Patrick Levy, promptly delights Patrick Murphy but disappoints Solomon, at least until the baby's twin sister, Rebecca, is also brought into the room. Rebecca being his late wife's name, Solomon is pleased, and the families finally come together."}, {"pageid": 67648278, "title": "About My Father", "section": "plot", "sectionid": "1", "plot": "When Sebastian tells his old-fashioned Italian immigrant father Salvo that he is going to propose to his American girlfriend, Salvo insists on crashing a weekend with her parents. Though the two cultures clash and it seems like the two families have nothing in common, by the end of one summer holiday weekend, they will be one big family."}, {"pageid": 48291627, "title": "Absolutely Fabulous: The Movie", "section": "plot", "sectionid": "1", "plot": "The ever-glamorous and self-indulgent Edina Monsoon and Patsy Stone are now in their 60s. Edina's PR company is in decline and her attempt to release an autobiography falls through when a publisher rejects the manuscript. While setting up designer Huki Muki's fashion event, Patsy learns that supermodel Kate Moss is looking for a new PR agent, and immediately calls Edina to inform her. Their phone call is overheard by Edina's PR rival Claudia Bing when Edina accidentally leaves her phone on speaker. Edina and Patsy attend the fashion event with Edina's 13-year-old granddaughter Jane (who Edina calls \"Lola\"), while Saffron \"Saffy\" Monsoon, Edina's daughter and Jane's mother, goes out on a date with her new boyfriend Nick. Edina finds Kate Moss on a balcony overlooking the Thames. When both Edina and Claudia attempt to approach Kate, Edina accidentally topples Kate into the river. Among the witnesses is Lulu, one of Edina's remaining clients, who is at odds with Edina after being replaced as a performer at the event. Hysteria pervades the event as Kate is presumed dead. The media immediately storm the scene to report her disappearance and assumed death. Edina and Patsy, along with Jane, are taken into police custody. Saffy arrives to see them with Nick, who is revealed to be a police detective. After being released the following day, Edina becomes the target of hate mail and Internet trolls, while Patsy has been fired from her job because of her association with Edina. At night, the pair take a boat to the Thames to search for Kate's body, using Edina's personal assistant Bubble as a searching device, but she disappears into the water. They decide to flee the country before the media firestorm worsens, taking Jane and her credit card along. The three land in Cannes, while back in London, Saffy desperately searches for Jane, eventually discovering Edina's whereabouts through her stylist, Christopher. In Cannes, Edina and Patsy try to devise money-making schemes. After Patsy fails to convince a wealthy former lover to marry her, the two happen upon an elderly baroness who is the richest woman in the world. In order to gain access to her fortune, Patsy disguises herself as a man named Pat Stone and flirts with her. The following day, Patsy marries the baroness, granting Edina and Patsy the lavish lifestyle they had been pursuing, as they stay in a luxury hotel with Dame Joan Collins and Dame Edna Everage as fellow guests. Meanwhile, Emma Bunton, who saw Edina and Patsy in public, tells Lulu about their whereabouts. Lulu flies out to Cannes and meets with Bubble, who is alive and has bought a massive Cannes pavilion after embezzling money from Edina's company for years. Saffy arrives in Cannes with Nick and immediately heads to the hotel to find Jane, who is with Emma. A vengeful Lulu reports Edina and Patsy's whereabouts to the police. The police find Edina and Patsy and chase them through the town, the duo escaping in a hijacked three-wheeled delivery van. As they reach Bubble's pavilion, the van's brakes fail and they roll backwards and fall into an infinity pool attached to Bubble's house. Saffy arrives at the scene to find Edina and Patsy slowly sinking into the pool, still inside the van. Edina apologises to Saffy for being greedy, self-centred and a neglectful mother. In response, Saffy tells her that she loves her. When Bubble reveals that Kate Moss is alive, Edina immediately exits the van, realising she is innocent. People all over the world celebrate the fact that Kate Moss is alive. As Kate's new PR, Edina revitalises her own career and finally launches her autobiography, while Kate has been in even more demand since she was found. At Saffy's insistence, Patsy reluctantly reveals to the baroness that she is in fact a woman, not a man called \"Pat\". The baroness, in turn, reveals that she is actually a man."}, {"pageid": 47173095, "title": "Accent on Youth (film)", "section": "plot", "sectionid": "1", "plot": ""}, {"pageid": 11931590, "title": "Ace Ventura Jr.: Pet Detective", "section": "plot", "sectionid": "1", "plot": "Ace Ventura Jr. is the son of eccentric 'pet detective' Ace Ventura, who had disappeared when he was a baby, and is attempting to follow in his footsteps, much to the chagrin of his mother, Melissa, who repeatedly tries to dissuade him from doing so. Currently, he is attempting to uncover who is behind a series of pet thefts occurring at his school, including a koi fish belonging to a girl named Laura, whom Ace Jr. has a crush on. Ace Jr. regularly relies on science nerd A-Plus (who has an advanced lab in his locker) to provide the forensics work for him and, much like his father, his work is openly mocked by the student body. When Ting Tang, a baby panda that has recently arrived at the Miami Zoo, is stolen, Melissa, who was in charge of setting up a pen for it and its mother, is blamed for the theft and subsequently arrested. As both of her parents are out of town for a vacation, Melissa reluctantly invites Ace Jr.'s paternal grandfather, Rex Ventura, to look after him, and he immediately begins properly training his grandson in the family business so he can clear his mother's name. At the trial, Ace Jr. successfully proves that the footprints found in Ting Tang's pen could not have been made by Melissa, but Russell Hollander, a park ranger seeking fame from the case, has the evidence dismissed and she's ultimately sentenced. Despite Melissa finally accepting that her son is who he is and revealing what happened to his father (Ace had disappeared over the Bermuda Triangle while escorting several geese south and is presumed dead), a despondent Ace Jr. decides to abandon pet detection and be a normal kid like she wanted, but a pep talk from Rex restores his confidence. Resolving to find Ting Tang's real kidnapper, Ace Jr. (now sporting his father's style and mannerisms), A-Plus, and Laura discover that the panda was actually the latest in a string of thefts involving high-profile animals (Princess the lapdog, Freedom the Hawk and Calypso the Magic Horse). After being unable to prevent Tabby the tabby cat from being taken, the group confronts Dr. Sickinger, whom they saw at the meet and greet Tabby was at and has a website called PandaHub. However, the somewhat insane scientist is ultimately proven innocent as the website is full of pictures of disgusting and unattractive animals. Continuing to dig around, the group (now including Sickinger) discover that there has been unusual activity at the home of Quentin Pennington Sr., whose son Quentin Jr. is set to hold an extravagant birthday party there soon. Arriving as Laura's plus one, Ace Jr. finds evidence that Quentin Sr. has stolen the animals under the belief that he deserved them more than anyone else. When Hollander refuses to acknowledge the evidence, Ace Jr., with a distraction from A-Plus and Sickinger, uses a recording of Ting Tang's mother to locate the panda cub and the other animals, allowing the authorities to arrest Quentin Sr. and forcing Hollander to leave in disgrace. When Quentin Jr. strangely leaves the area, Ace Jr., after an offhanded comment from Laura, and the rest of the student body present discovered that he was responsible for the school pet thefts, having discovered his father's illicit activities and wanting to make him proud. When he attempts to feed Laura's koi fish to the school alligator, Quentin Jr. is stopped by Ace Jr. and Rex's dog (whom Ace Jr. had assumed was dead) and is arrested as well. Melissa is released from jail and Ace Jr. is rewarded for his heroics."}, {"pageid": 54469974, "title": "Action Point", "section": "plot", "sectionid": "1", "plot": "Several years ago, D.C. was the owner of Action Point, a low-rent amusement park with numerous safety hazards; regardless, the park was popular with the youth due to it being the only amusement park in the area. However, a new amusement park named 7 Parks opens up one day and begins to draw customers away from Action Point. D.C. is also pressured by his loan officer Knoblach into selling his land due to his failure to pay off a $100,000 loan. Meanwhile, his estranged teenage daughter Boogie comes to visit and begins to help around the park as a summer job. One night, D.C. and his staff break into 7 Parks to observe and sabotage the park, but are nearly caught. D.C. realizes that he needs to come up with something big to compete, eventually deciding that they need to start promoting Action Point as a park about what patrons can do, whereas 7 Parks is about what they can't do. He then decides to remove all the safety measures from the rides in an attempt to make the park stand out, causing several people - including himself - to be seriously injured. Boogie also confesses to park lifeguard Benny that the true purpose of her visit is to get D.C. to sign papers that would allow her mother's boyfriend to become her legal guardian. As a publicity stunt, D.C. and the staff interrupt a local TV broadcast promoting the park which draws in customers, but sends the park into chaos due to the lack of proper rules and regulations. At Boogie's advice, D.C opens up a section for kids, but it is poorly designed causing her to inform legal authorities who then shut the park down. D.C. and the staff repair the park and reopen it, but are told that the bank has foreclosed on the park. Furthermore, Boogie becomes upset after D.C. breaks his promise to take her to a concert, and gets drunk with the staff before they are all arrested. After D.C. bails her out, she snaps at him and reveals her intention for him to sign the papers. The next day, he finds her gone and learns that she may have left for Las Vegas on a bus. Desperate, he and Benny chase down the bus with their car but lose it after it collides with them. D.C. then realizes that she was not on the bus and tracks her to a restaurant where he explains that the park has become his new family after losing his first one, and the reason he obsesses over it was because he did not want to lose it as well. Unable to pay off his loan, D.C. decides to blow up the park and sell off the land to Knoblach. To get back at him however, D.C. opens the park gates one last time and gives away free beer as he is no longer liable for any damages that will occur, and the drunk patrons go wild and cause massive damage to the park. Later that night, the staff gather one last time and shoot fireworks to commemorate their time in the park. The next day, as Boogie prepares to leave, D.C. proposes that the two of them instead take a road trip and make a stop in Austin to attend the concert. Boogie is overjoyed and the former park staff offer to come along. Present day, a much older D.C. finishes his story to his granddaughter as Boogie arrives home and before he leaves, he pretends to have a heart attack in the yard, which Boogie calls out as the two of them share a laugh."}, {"pageid": 24214841, "title": "Adopted (film)", "section": "plot", "sectionid": "1", "plot": "According to Dan Persons of The Huffington Post, Pauly follows in the footsteps of Angelina Jolie and Madonna, travelling to South Africa to snag himself one of those highly coveted, third-world orphans. If that doesn't sound to you like a particularly good idea, well, you'd be right: The film puts the comedian on a fast-track to international incident, showing him blundering through the adoption process by, amongst other faux pas, greeting one kid Jacko-style in facemask and rubber gloves, abandoning another on a mountaintop in order to chase after a hot local and, most death-defying of all, baiting the most fearsome of world powers by trying to crash the Oprah school. Dan Persons, The Huffington Post, June 15, 2010"}, {"pageid": 37005304, "title": "The Adventures of a Rookie", "section": "plot", "sectionid": "1", "plot": "Three young men from completely different levels of society get their draft notices the same day. Jerry Miles works as an MC on a nightclub, Mike Strager drives a truck for a living and Bob Prescott is the heir of a wealthy family. The three men all report for military duty, and are measured to get uniforms as well as tested for aptitude. Bob scores somewhat higher than the other two and is assigned to be in charge of the men during the bus drive to boot camp. Bobs uniform is all covered in mud, splashing up from a passing car, driven by the cute Peggy Linden. Jerry and the slow-witted Mike manage to get pushed off the bus and are left behind. When the rest of the group finally arrive at the camp, Bob sees his hopes of entering officer training school vanish when he meets the colonel, who is Bobs commanding officer as well as uncle. The colonel gives Bob a scolding for the loss of two men on the ride there and for wearing a dirty uniform. Nonetheless, the three recruits are soon granted a six-hour pass, and are invited by Peggy to join her and five of her girl friends for a turkey dinner at the Linden house. The evening passes without mishaps, until Bob is about to return to the base, when Dr. Potts arrives. The doctor has been called upon on account of Hilda, the Lindens' cook. The doctor diagnoses Hilda with a case of scarlet fever, and the doctor goes on to quarantine the house for two whole weeks. Bob calls the base to report the news. Sgt. Burke, who is his platoon leader, arrives to the house to investigate, and when he thoughtlessly enters he is quarantined with the rest of the men. However, Burke is determined not to let a quarantine interfere with the training of his men, so he leads exercises with his men in maneuvers up and down the stairs and throughout the house. A few days later the doctor returns to the Linden house to examine Hilda again. He announces that he has misdiagnosed her and lifts the quarantine. The recruits can go back to the base, but when they arrive back to the camp they are immediately sent out on a harsh thirty-day field exercise. Burke orders Bob, Mike and Jerry to march away twelve miles to their field base. The three men decide to save some time by hitching a ride with a convoy. They are however totally unaware that the convoy they hike with is actually bound for San Francisco. They fall asleep and are in for quite a surprise as they wake up, and are ordered to join the troops being shipped overseas to take part in the war. The men soon find themselves AWOL on an ocean-bound freight boat. They put their heads together once more, and decide on using the ship's cargo nets to swing back to the docks before the ship leaves the harbor. The net jams, and they fall into the water. Luckily enough they find themselves being of some use, as they get to pick up a whole briefcase of dispatches that somehow had fallen overboard. The three men are considered heroes for saving the dispatches, but after the swim theyre hospitalized. Lying in the hospital the receive news that none other than General Ames is coming to personally thank them. They do realize that if the general discovers they are AWOL, Bob will never be admitted to officer training school. To avoid this Bob insists that they sneak out of the hospital before the general arrives. The nurses see them trying to escape, and call for the M.P.'s. The three men are caught and sent back to their unit at the camp. To hide the fact that they are AWOL, Jerry suggests they should say that they were lost on their march to the field camp. They get help from Peggy, who drives them to a deserted ravine, where they are found by Burke and taken to the colonel. Burke tells the colonel that he saw Peggy drop the three men off at the ravine, the colonel orders the trio jailed. When their company prepares to ship out, Jerry and Mike are released and commanded to follow Burke. The colonel gets a letter written by General Ames, where the mens heroics are explained. The colonel forgives Bob, who then abandons his pursuit of officer training school to join his friends, as they are being shipped overseas to the war."}, {"pageid": 32884037, "title": "The Adventures of Algy", "section": "plot", "sectionid": "1", "plot": "Algy (Claude Dampier) is an Englishman who travels to New Zealand to claim a sheep station he has inherited. He falls in love with a neighbour, Kiwi McHill (Bathie Stuart), then travels to Australia. He runs into Kiwi again, using dances she has learned from her Maori friends in a Sydney revue. When he returns to New Zealand he strikes oil on his farm and he and Kiwi are married."}, {"pageid": 1225570, "title": "The Affairs of Annabel", "section": "plot", "sectionid": "1", "plot": "Lannie (Jack Oakie) has Annabel (Lucille Ball) taken into prison in order to generate publicity before the release of her new movie. However, when Annabel is released a month later, she finds that nobody has noticed, and she has Lannie fired. But when he pays a struggling actress to pretend to be his sick mother, Annabel has Lannie rehired, and he immediately begins plotting his next stunt. The head of Wonder Pictures informs Annabel that her film has been canceled, and that she is to star in a new film, The Maid and the Man. Lannie arranges to have her work as \"Mary\", a maid for the Fletchers, their teenage son Robert (Lee Van Atta), and inventor \"Major\" (Thurston Hall). While Robert becomes infatuated with Annabel, she is expected to cook and clean for the family, so she calls on Lannie to help. Meanwhile, the investors interested in one of Major's inventions, a rubber ring placed around a plate so that it will bounce rather than break when dropped, appear in the morning newspaper as robbers. They are in fact waiting for their own publicity to die down so that they can make a getaway. Back at Wonder Pictures, The Maid and the Man has been scrapped, but when Lannie calls Annabel to tell her, she answers that she can't leave. Though first confused, he finds Annabel's police mug shot in the paper along with the robbers, and forms a plan to outfit fifty extras as policemen (plus a police sergeant and captain). As they march towards the house firing blanks, the robbers return fire with real bullets, and the extras scatter. Lannie sneaks into the house alone, but is captured. When the real policemen arrive, the robbers try to make a break for it, using Lannie and Allison as shields. Instead, Annabel uses her martial arts training to throw one of the robbers to the ground, while Lannie bites the other. Annabel returns to Wonder Pictures and is disappointed to find that The Maid and the Man has been replaced by The Diamond Smuggler, in which she is to play the lead. On her way out, Annabel picks up a gift which Lannie had arranged for her to receive, and is apprehended when the police open it to discover the precious jewels inside. Lannie watches on from the front of the new billboard for The Diamond Smuggler as Annabel is driven away screaming."}, {"pageid": 145046, "title": "The Affairs of Cellini", "section": "plot", "sectionid": "1", "plot": "Both the duke and duchess have an eye for beauty and other partners. The duke presently fancies a young woman who poses as an artist's model. The duchess has her eye on the famous artist, Benvenuto Cellini, who is in the palace making a set of gold plates to be used at ducal banquets. Cellini purportedly hypnotizes young women, and cuckolds the duke of Florence. The somewhat oblivious duke is loath to punish the young man because Cellini fashions gold wares for him, but throws him into the torture chamber. However, a goblet of poisoned wine solves the problem."}, {"pageid": 48592510, "title": "Affairs of Geraldine", "section": "plot", "sectionid": "1", "plot": "After Mrs. Cooper dies, her very valuable estate is left to her children. Her sons Henry and Wayne are privy to a private recording in which Mrs. Cooper expresses her last wishes that the boys help find a suitable husband for their tomboy sister, Geraldine. At the time Geraldine is only interested in the Cooperville's town fire truck. Henry and Wayne, somewhat forcefully, insist that a few young men into attending a birthday party for Geraldine in hopes that she will find one of them to be to her liking. Instead, Geraldine resents her brothers for trying to force a boyfriend on her. When party guest Lisa Jane Dennis plays the previously private message for everyone to hear, Geraldine is embarrassed; and town baker Willy Briggs, who secretly loves her, feels sorry for her having had to endure the embarrassment. Geraldine decides to jump on a train out of town, where she meets Casper Millhouse, who sympathizes with her troubles. Casper suggest that Geraldine show the people of Cooperville that she is capable of finding a man all on her own. Casper introduces her to a Lonely Hearts club founder Amos Hartwell, the person and club that helped him find his fiance, Belle Walker. Geraldine meets with Amos, suggests a dance party, and soon becomes an organizer for more \"meet-and-greet\" social gatherings. Her management abilities soon lead to radio show \"Cupid Speaking\" where Amos becomes a national sensation. When Gerry becomes depressed at not finding her own romantic partner, Amos suggests that she come on the radio show as the mysterious \"Madame L'Amour\", who gives advise as a worldly romance specialist. When Casper is beset with Belle eloping with con-artist, Geraldine promises to help him, and begins to search for Belle. Madame L'Amour, responds to a letter from Willy, who then deduces that it's actually his missing love Geraldine. Willy sets out to find her in the big city, and capture the heart of Geraldine, who has now become attracted to a supposedly wealthy J. Edmund Roberts. Willy attends one of the club dances, and kisses a blindfolded Geraldine, who faints our of excitement. Then Roberts claims to be the one who planted the kiss, and agrees to marry him. After Geraldine and Roberts return to Cooperville, and she reunites with her brothers, they are pleased that their sister has finally found a man. Then the reunited couple of Casper and Belle discover that Geraldine is being hoodwinked by the same man that swindled Belle. Amos also discovers that Roberts also conned other women, and calls Willy, who then rushes to stall the Geraldine's wedding. When the truth comes out Roberts is arrested for bigamy; then Willy and Geraldine kiss, and she realizes that Willy is the only man for her. When her beloved fire truck is called into action by a fire alarm, Geraldine no longer cares, and is satisfied to be in Willy's arms."}, {"pageid": 57975895, "title": "The After Party (film)", "section": "plot", "sectionid": "1", "plot": "Aspiring rapper Owen (Kyle) and his manager/childhood friend Jeff find Rahmel in a bathroom stall and rap to him, hoping for a record deal. The person in the bathroom stall turns out to be not Rahmel but his intern, Bernard. Jeff convinces him to get Rahmel to come to their next show in exchange for producer credit on a future album. When coming home from high school, Owen runs into Jeffs sister, Alicia, and invites her to his next show. Jeff invites his father to Owens next show, who tells him he needs to focus more when he gets to Harvard. Owen is talking to his father backstage before the show to calm his nerves when Jeff tells Owen that he wishes his own father would be more supportive. They meet Bernard, who brought Wiz Khalifa instead of Rahmel. They smoke weed with Wiz before Owen performs onstage. He performs well, but throws up on Wiz and has a seizure. The video of Owens seizure goes viral and is called Seezjah Boy. Believing his chance at success is over, he decides to join the Marines. After a crazy night out, he rethinks this decision, and finds it in him to chase his dream one last time."}, {"pageid": 67571726, "title": "Afterlife of the Party", "section": "plot", "sectionid": "1", "plot": "Cassie and Lisa have been best friends since first grade. Now as adults, their interests and social lives have changed. Cassie is a fun-loving party animal, while Lisa lives a secluded life away from most social interaction. One day, Cassie convinces Lisa to go out to a party and before leaving they meet Max, who lives a very similar life to Lisa, moving in next door. Max and Lisa seem to take a liking to one another. Cassie and Lisa head to a club and get into an argument soon after when some of Cassie's acquaintances want to head to other parties and Lisa chooses to leave. During the argument, Lisa points out that their friendship has changed and that Cassie is always trying to pretend to be someone else and they realize that they no longer have anything in common. They part ways and later that evening Cassie heads home and passes out in her room. When Cassie wakes up, she goes to the bathroom hungover, trips and hits her head on the toilet resulting in her death. She awakens in a room and meets Val, an angel handler who explains that Cassie has been dead for over a year and before reaching the \"Afterlife party in Heaven\" has a list of people she needs to help as a guardian angel. The list includes her best friend Lisa, her father and her mother Sofia. However, Cassie has to try to figure out the best way to help each of them before time runs out."}, {"pageid": 12774976, "title": "Ah, Sweet Mouse-Story of Life", "section": "plot", "sectionid": "1", "plot": "The episode begins with Tom in pursuit of Jerry similar to that of race-car shifting gears, showing Tom's tail shifting like the gearshift of a 4-speed manual transmission. They circle the room and back to Jerry's mouse hole. Tom is moving so fast, he runs into the wall and turns into a four-legged stool. Tom attempts to cut off a 44 area of the wall with Jerry's mouse hole in it to reach the mouse, but instead, the rest of the wall fallson him. Then 1 Jerry is being chased by Tom in another direction, and suddenly a 2nd Jerry zooms past. Tom gets confused as a 3rd, 4th, and 5th Jerry run by and then Tom stops. He is puzzled as a 6th, 7th, and 8th Jerry zoom past. Even the 9th Jerry passed onto him as he faces it. Angrily, Tom looks in the direction the other nine Jerries were running. A 10th Jerry comes from the other direction and pulls back Tom's eyelids. Tom then chases Jerry outside into the air. Jerry breaks off before falling into space, but Tom fails. He sees the streets (approximately) 50 stories below and grabs onto the drapes again, which brings him back inside but wraps him up with the drapes. Tom and Jerry then both run into free-fall. Jerry grabs a question mark and catches a pipe. Tom grabs onto an exclamation point and then twists it into a hook shape when he sees Jerry safe, but too latehe slams into the ground shortly thereafter. As he fixes himself like a jack using his tail, Tom climbs a rain gutter, but falls and lands in a manhole and screams. Jerry discovers an air horn, which Jerry sounds behind Tom on a ledge. Tom is left chattering on a nearby pole. Next, Jerry retreats into a second rain gutter, but Tom lassos him using a fish hook and with a chuckle, gives Jerry a taste of his own medicine. To get revenge, as Tom is laughing, Jerry dreams up some knives and throws them at Tom. Tom runs to the end of the sidewalk and narrowly avoids all knives, giving Jerry a good laugh. Tom then becomes stuck in the downpipe of the second rain gutter, with his head and front legs at the bottom and his tail and hind legs at the top, while trying to chase Jerry through it. Jerry suggests using the air horn to \"scare\" Tom's hind legs and tail down the pipe so Tom can be free. After this, the two shake hands, and Tom kisses Jerry. After kissing him a few times, he becomes enticed by the taste of the mouse, and the chase then recommences. As Tom chases Jerry around a corner, Tom's midsection is now several meters long and he makes train noises when the cartoon closes."}, {"pageid": 62089508, "title": "Airplane Mode (2019 film)", "section": "plot", "sectionid": "1", "plot": "YouTuber Logan Paul is videocalling his Australian girlfriend, Ariel, with whom he has an online relationship. The two attempt to have cybersex, but are interrupted from doing so, firstly by Logan's foreign exchange brother Juanpa Zurita, and secondly by Lele Pons who tries to capture Logan's face when he is masturbating. Logan's friends tell him of a convention consisting of social media influencers called \"Hashtagacon\", which is being held in Sydney, giving him a chance to finally meet Ariel. However, he has to get over his fear of flying, which was set off ten years ago when Juanpa told him to jump from a tree as part of a YouTube stunt. Logan, Juanpa and Andrew Bachelor take a taxi to the airport, and Andrew tells Logan that prankster Vitaly Zdorovetskiy will be on the same flight, as he is being extradited back to Australia to be put on trial for an incident involving dingoes. Juanpa goes to immigration where the customs officer believes that he is an illegal immigrant, and deports him back to Mexico, although Juanpa convinces him to deport him to Australia as he is desperate to lose his virginity. Logan goes through customs smoothly, but his fear of flying gets the better of him and has to be forced to get on the plane by his friends. Logan takes his seat next to a woman named Jenna, who has similar femur scars as him, and she holds his hand as the plane is about to take off. The pilots announce over the intercom that all passengers should put their smartphones on airplane mode, which they refuse to do. The phone signals causes havoc within the plane's wiring, resulting in the pilots getting electrocuted to their death. One of the flight attendants, Clarice, looks through the peephole, walks in and then immediately walks out, thinking that the pilots are having oral sex. Logan asks for Jenna's Instagram handle, but she tells him that she is not on social media, before realizing that he is part of the \"Hashtagacon\" group. Logan plays this down and says that he is actually on the flight to meet his girlfriend for the first time. Jenna asks Logan about his girlfriend and how he can love someone that he has not met. Logan tells her that Ariel is the only person that can make him snort while laughing. Jenna proves to Logan that she can do the same thing, and flings a chocolate mousse at a sleeping passenger across the aisle, making him snort as well. Jenna then goes to sleep, using Logan's shoulder as a makeshift pillow. Hours later, Clarice discovers that the co-pilots are actually dead, and gets the air marshal over to the cockpit to deal with the situation, leaving Vitaly on his own. Logan gets up from his seat and overhears the conversation in the cockpit. He opens the door and asks if everything is okay, but freaks out when he realizes that the pilots are dead. Suddenly Vitaly appears, killing the air marshal by breaking his neck, while Clarice and Logan both faint and collapse on the floor. Logan wakes up in the cockpit and goes to find Juanpa to see if he can help him, but he is incapable of doing so. Realizing that his friends would also be the same way, Logan wakes Jenna up from her sleep and gets her to go to the cockpit with him. Jenna freaks out over the situation, while Logan decides to try and find the flight attendants, who are bound and gagged in the cargo by Vitaly. However, Logan chickens out and it is only when Jenna berates him that he decides to come back. He calls the air traffic controller in Sydney, and tells him that the pilots are dead and the flight attendants are missing. The air traffic controller named Benji, suggests using the auto-pilot stick which Logan had broken in a panic, but when Logan tells him that they cannot use that, Benji cannot help them anymore and goes on a lunch break. Meanwhile, Vitaly wants to know where the emergency oxygen supply is, and proceeds to feed a dog cat food, so Clarice tells him where it is. Vitaly opens the cargo door, and says that it was dog food the whole time; it was just in a tin used for cat food. He then throws Clarice out of the plane, before saying his catchphrase, \"It's just a prank, bro!\". Vitaly opens the emergency door, and Andrew, who is more concerned with filming himself than being in his seat, is the second person to be thrown out of the plane. Nick Bateman makes an inspiring speech to the passengers and as he is a junior pilot, he will save the day or die trying. As soon as he walks through the curtain, he is stabbed in the front by Vitaly. As established in an earlier scene (for reasons which are unexplained), Logan has the ability to read the minds of gay people, and through the male flight attendant, Bruce, he prevents Jenna from using the oxygen mask, since Vitaly replaced it with chloroform. Logan and Vitaly fight each other in the plane, where it is revealed that the \"Hashtagacon\" convention is all just an elaborate prank, and Vitaly knocks him out with a fire extinguisher. When Logan comes to, Bruce tells him that Vitaly has the only parachute on board, who opens the cargo door to get rid of them. However, they are saved by Logan's pet parrot, Maverick. Bruce advises Logan to use the autopilot, to which Logan awkwardly laughs, as he had broken off the autopilot stick. Vitaly commandeers the plane, bringing it further into the sky, so he can make his escape. Jenna's hands are tied but she manages to hand Logan the autopilot stick, which he throws into Vitaly's chest, who laughs it off as a flesh wound. Vitaly's parachute is released and he is killed when he is flung backwards into the engine. Logan uses Jenna's smartphone to watch a YouTube instructional video on how to land a plane, although it too ends with the same advice Benji and Bruce had given him: use the autopilot. Benji then calls the cockpit, telling Logan that he is surprised they made it this far and that he should just land the plane on the white line, fly straight and hope that they do not explode on contact, all while insulting Logan, much to his frustration. Although they land successfully on the runway, the plane fails to stop, so Logan has to quickly watch the instruction video to slam on the brakes at the last minute. Then, the engine explodes just as Logan and Jenna are about to kiss. As everyone gets off the plane, Logan meets Benji, who he promptly headbutts. He also runs into Juanpa, who spent most of the flight getting drunk and trying to have sex with Brittany Furlan. Logan and Jenna say their goodbyes, and Logan realizes that he actually has feelings for her and not Ariel. Logan and Juanpa drive to Ariel's house, and he decides to put Juanpa in his place instead. Ariel figures out right away that Juanpa is not Logan, but decides to have sex with him anyway as he has an accent. As Juanpa is about to climax, they are caught in the act by Ariel's (adoptive) father, who chases Juanpa around the bedroom before he jumps out of the window and runs off naked. Logan arrives at the hotel room Jenna is staying in, but assumes she has made up with her \"boyfriend\", Richie. However, as Logan leaves the room, he immediately knows that Richie is gay and runs back in, kicks Richie out who is confused as to why Logan can hear his thoughts. Logan then makes out with Jenna and the two have sex. In a mid-credits scene, Juanpa is seen running across another beach (with only a couple of leaves covering his genitals) and chases after a kangaroo. Logan arrives at the house of the boy whose instructional video he watched, and kicks down the door which knocks out the boy's sister. Finally, Andrew is shown to have survived the whole ordeal, washing up on another beach and then starts making out with a sex doll."}, {"pageid": 53983908, "title": "Al's Brain", "section": "plot", "sectionid": "1", "plot": "The film involves \"Weird Al\" Yankovic teaching about the brain and how it functions."}, {"pageid": 47266185, "title": "Alex & the Gypsy", "section": "plot", "sectionid": "1", "plot": "This section needs expansion. You can help by adding to it. (June 2015)"}, {"pageid": 19351229, "title": "Alibi Bye Bye", "section": "plot", "sectionid": "1", "plot": "Clark and McCullough are Flash and Blodgett, a pair of \"alibi photographers\" operating a studio in Atlantic City, New Jersey. The pair cater to a clientele who require fraudulent tourist photographs using fake backdrops, which can later be used as evidence that the person in the photograph was at any location in the country. One day, a married couple (Bud Jamison and Constance Bergen) turn up separately in need of alibi photographs: the man wants evidence of being on a Maine moose hunt while the woman needs photographic proof of being in Washington, D.C. The photographers, unaware that the man and woman are married, decide to play matchmaker with the pair. By coincidence, the man and woman have rooms opposite each other in the same hotel. The hotels manager and the staff detective become suspicious of what is transpiring when the photographers and the couple zigzag between the rooms. Eventually, the husband and wife discover the truth of their activities and leave the hotel together. The photographers, however, attempt to leave the hotel disguised as a moose, only to be chased amidst gunfire from the hotel manager."}, {"pageid": 44490119, "title": "All American Chump", "section": "plot", "sectionid": "1", "plot": "When a traveling carnival comes to a small farming town, so many of the locals are cheated that they trash the carnival. Promoter Bill Hogan goes to the local bank to raise money to get out of town before the carnival's bills catch up with it, and sees that instead of an adding machine the bank is using Elmer Lamb, a meek clerk who is a calculating prodigy. Hogan hires him as \"Chain Lightning\" and displays Elmer in competition with an adding machine, but the public is not interested. Then the sheriff arrives and attaches the carnival's assets. To get a fresh start, Bill travels east with his girlfriend Kitty and her father, the carnival's alcoholic owner Jeff Crane. They take Elmer, and although his fondest attachment has been to three dairy cows that he has been allowed to visit, he instantly falls for Kitty. Also on the train is bridge champion J. Montgomery Brantley, who would like a game. Elmer has played some whist, but no one will play with him because he always wins. At that he is talked into playing bridge for the first time against Brantley. With 10 in his pocket, he accepts the proposed stakes of 10, but after winning several times he learns this means 10 per point and he has earned a sizable sum. Learning of this, Jeff and Bill now make sure that the newspapers report Brantley's defeat, thus endangering his career as a bridge writer. Eventually a nationally broadcast challenge match is set up: fifty rubbers of bridge over eight days, for a prize of $15,000. Elmer falls behind at first, then takes the lead. But gangsters get involved and offer Elmer money to lose the match. On the final day, they kidnap Elmer to threaten him. He is rescued, but in the confusion, Jeff accidentally knocks him out with a blow to the head, and when Elmer recovers, his calculating powers have vanished. In desperation Jeff arranges to hit him on the head again, but this only makes him worse. Then he suggests Kitty pretend temporarily that she loves Elmer. She reluctantly goes along and that does the trick: Elmer is back in form. After Elmer wins the match, Jeff reveals the deception to him, and he heartbrokenly makes his way back home; but at the same time Kitty is breaking up with Bill. When Elmer gets back to his bank, he finds they have replaced him with an adding machine. He goes to visit the cows; at least they are still there. But so is Kitty. She really does love him, and has used the winnings he left behind to buy him the farm."}, {"pageid": 60450083, "title": "All by Myself (film)", "section": "plot", "sectionid": "1", "plot": ""}, {"pageid": 26825163, "title": "All Tied Up", "section": "plot", "sectionid": "1", "plot": "Brian (Zach Galligan) buys an engagement ring for Linda (Teri Hatcher), his girlfriend who is out of town. She returns early and catches him in bed with another woman, the latest in a series of infidelities. She dumps him. He forces his way into the house she shares with roommates Kim and Sharon, hoping to reconcile with Linda. He knocks himself out and the women tie him to a bed for several days, \"Home Shopping Network\" blaring. They dress him in a skirt, shave him with a rusty razor, feed him only squash, buy jewelry on his credit card, and nearly cost him his job by preventing him from going to an important interview. Linda ultimately releases him. Brian remains smitten and returns to the house after a few days, kidnaps Linda and brings her to his own house where he ties her to a chair. She is unpersuaded of his love and he releases her, but she later changes her mind and they reconcile with the agreement that she will be able to tie him up during future sexual escapades."}, {"pageid": 47103855, "title": "All Women Have Secrets", "section": "plot", "sectionid": "1", "plot": "This section needs expansion. You can help by adding to it. (June 2015) Three young couples, all having financial struggles, decide to risk getting married. Joe Tucker and new wife Susie begin their new life living in a trailer. Slats Warwick is in a continuous quarrel with bride Jennifer, whose allowance from her parents is keeping them afloat. The couple having the hardest time is John and Kay Gregory, a pre-med student whose studies barely give him time to juggle part-time jobs and a singer who finds work in a nightclub, but hasn't yet broken the news to her husband that she's expecting a baby."}, {"pageid": 15283713, "title": "Almost Angels", "section": "plot", "sectionid": "1", "plot": "Tony Fiala (played by Vincent Winter) is a working-class boy whose greatest desire is to become a member of Vienna's most famous choir. His father, however, wants his son to follow in his own footsteps as an engine driver. Unlike his loving and supportive mother, he sees no future for the boy in music. Despite the objections, Tony manages to join the Vienna Boys' Choir. Once there, he meets Peter (played by Sean Scully), who is the leading chorister and the most experienced solo voice. When Peter finds out that Tony has a wonderful, clear treble voice, he feels threatened by the talented new boy. Peter's jealousy will prompt him to do everything in his power to ruin his rival's public performances and his good image as a boarder, to the point of endangering Tony's life. The sabotage will eventually end but the breaking of Peter's voice will change the events drastically."}, {"pageid": 36467420, "title": "The Almost Guys", "section": "plot", "sectionid": "1", "plot": "Rick Murphy and his 73-year-old partner known only as \"The Colonel\" work for a repossession company. During their latest repossession of a car, they find Jim Maxwell, a famous baseball pitcher, inside the trunk of the car. As it turns out, Rick and the Colonel repossessed the car of two members of the \"Mob\" who were in the middle of kidnapping Jim. As the World Series is only three days away, the repo men must get Jim back to his baseball team before the \"Mob\" catches up with them."}, {"pageid": 48091421, "title": "Always in Trouble", "section": "plot", "sectionid": "1", "plot": "This section needs expansion. You can help by adding to it. (October 2015) Geraldine \"Jerry\" Darlington felt happier before her father J.C. struck it rich in the oil business and moved the family to Florida. She's irritated by her dad no longer working and her beautiful sister Virginia being pursued by men interested more by her money. A meek clerk from her dad's office, Pete Graham, is persuaded by Jerry to steer the family's boat. He accidentally runs the vessel aground and ends up falsely suspected of knocking J.C. unconscious and kidnapping the Darlingtons for ransom. Jerry amuses herself at first by not supporting Pete's story, but when real crooks get involved, Pete is able to clear his name and persuade Virginia he's sincere about his attraction to her."}, {"pageid": 47313324, "title": "Always Together", "section": "plot", "sectionid": "1", "plot": "A millionaire on his deathbed leaves a million dollars to Jane Barker, a film addict who believes life is like the movies. Jane gets married without telling her new husband about the inheritance. The millionaire gets better and wants his million dollars back. Throughout the film Jane dreams her experiences are taking place in movies with real movie stars."}, {"pageid": 18328807, "title": "Amazing Grace (1974 film)", "section": "plot", "sectionid": "1", "plot": "Grace (Moms Mabley) is a widow who influences the local mayoral election in Baltimore, Maryland after she discovers her somewhat slow-witted neighbor Welton J. Waters (Moses Gunn) is being used to run for mayor by shady politicians and the incumbent mayor to further his own self-serving reelection efforts. Grace knows the politicians have no interest in the betterment of the neighborhood and are only interested in getting their hands on the money that comes into it. She organizes some of the people in the community and together they devise a plan to thwart the crooked politicians schemes."}, {"pageid": 59560585, "title": "America: The Motion Picture", "section": "plot", "sectionid": "3", "plot": "In January 1776, just after signing the Declaration of Independence, Benedict Arnold appears, murdering all its signatories, destroying Independence Hall, and stealing the Declaration. He then goes to Ford's Theatre, where George Washington and his childhood best friend, Abraham Lincoln, are watching a play. Arnold turns into a werewolf and kills Lincoln and destroys the Declaration. Before his death, Lincoln asks Washington to bring the American Revolutionary War to an end and to name the recovered country \"America.\" At Lincoln's funeral, Washington meets Martha Dandridge, who urges him to continue the revolution after the two have sexual intercourse. In order to build a strong team, Washington teams up with party animal Samuel Adams, female Chinese scientist Thomas Edison, Native American hunter Geronimo, and equestrian champion Paul Revere. They manage to track down Arnold at the Vietnam bar. Although the enemy has fled, they conclude that the events in Vietnam were not a failure. They ask for help from master blacksmith John Henry, who is to make a silver bullet for them to kill Arnold. To get the silver, they go to Boston to steal the supply of silver spoons from the Titanic. On board the ship, they learn that the British are bathing people in tea to come over to their side. They also discover plans of a secret British superweapon but fail to retrieve them because they sink the ship prematurely. Sam then proposes to the others they will say the Titanic had hit an iceberg and that they were never there. Arnold kidnaps Martha, who is to become the future wife of King James. Washington manages to find out about a Gettysburg address where Arnold meets the king at a secret meeting. The place turns out to be an ambush in which Clyde, Revere's horse, dies, sacrificing himself. King James appears at the Gettysburg address in the form of a hologram and offers Washington a battle the next morning at Attrition field, to which Washington agrees. Soon after, Arnold kills the king to take over the world himself. The next day, the British army stands up against the American army hastily assembled by Washington. On the side of the British, there are, among others, Elizabeth Tower in the form of a Transformer, London buses in the form of AT-ATs and Arnold flying in a crown-shaped ship. The side of the Americans consists of a hundred-foot tall Paul Bunyan and Babe the Blue Ox, as well as Indians, Mexicans, African Americans, Asians, and Arabs, ravers and Revere who had fused himself with what was left of Clyde with nano-cybernetic technology by Clara Barton. During the war, the British were trying to turn all revolutionaries British by tainting the clouds with tea and causing a tea rain. Edison, thanks to the power of science, manages to use the British weapons against them, turning tea into beer. When the beer rain falls, the British transform into American frat bros, and it also cures Martha from being one of the British, transforming her into a living Statue of Liberty. A final confrontation occurs against Arnold, who becomes a Mega Wolf until he is eventually defeated with a silver bullet from Henry, who kills him with America's pastime. Six months later, on July 4, 1776, Washington inaugurates the grand opening of America at the monument of his name. As George plans for I. M. Pei to build another memorial for his best friend to stare at his monument, the spirit of Abe comes back. It gives him the Declaration, repaired with tape, while Samuel becomes George's uncle for his newborn son Denzel. The inauguration is disrupted as the crowd engages in a fight with each other, arguing over racism, abolitionism, women's rights, giving back the land to the natives, right to keep and bear arms, same-sex marriages, religious beliefs, free health care, and fair trials, making Washington nervous about the future of the country."}, {"pageid": 6168923, "title": "American Cowslip", "section": "plot", "sectionid": "1", "plot": "Ethan Inglebrink (Ronnie Gene Blevens) is an agoraphobic heroin addict who lives in a homogeneous California town where nothing ever happens. A misfit, clad in a powder blue tux, he has convinced his poker buddies, and surrogate moms, Roe (Diane Ladd), Sandy (Cloris Leachman), and Lou Anne (Lin Shaye), that he is diabetic and his needles are for insulin, not heroin. His next-door neighbor is his landlord and former high school football coach Trevor O'Hart (Rip Torn), who wants nothing more than to kick Ethan out on the street. Complicating matters even further is that Ethan's older brother Todd (Val Kilmer), the local sheriff, is convinced that his brother can only be saved by an act of God, and recruits the family priest (Peter Falk) to get the job done. Meanwhile, as the Garden of the Year competition draws near, Ethan becomes convinced that he can take the $10,000 top prize and pay off his delinquent rent if he can just grow the perfect American Cowslip. Little does Ethan realize that salvation may lie not in the money he could win for growing a rare flower, but with the companionship and understanding offered by his 17-year-old neighbor Georgia (Hanna R. Hall), who longs to escape her abusive father (Bruce Dern)."}, {"pageid": 54321502, "title": "American Driver", "section": "plot", "sectionid": "1", "plot": "Jack Curry is an American man child who takes a job driving Nigerian celebrities to the G.I.A.M.A Awards to impress his boss Kate (Anita Chris). Along his journey he tries to become friends with actor Jim Iyke, who wants to be left alone."}, {"pageid": 14744675, "title": "Amore! (1993 film)", "section": "plot", "sectionid": "1", "plot": "This section needs expansion. You can help by adding to it. (October 2015) Saul Schwartz (played by Jack Scalia) is a bored New York businessman who decides to change his life to become a Hollywood movie star but finds it harder than he expected."}, {"pageid": 709490, "title": "Anchorman: The Legend of Ron Burgundy", "section": "plot", "sectionid": "1", "plot": "In 1978, Ron Burgundy is the famous anchorman for a local San Diego television station, fictional KVWN channel 4. He works alongside his friends, whom he had known since childhood, on the news team: lead field reporter Brian Fantana, sportscaster Champ Kind, and meteorologist Brick Tamland. Station director Ed Harken informs the team that they have retained their long-held status as the highest-rated news program in San Diego, leading them to throw a wild party, where Burgundy unsuccessfully attempts to pick up a beautiful blonde woman, Veronica Corningstone. Harken later informs the team that they have been forced to hire Corningstone. After a series of unsuccessful attempts by the team to seduce her, she finally relents and agrees to a \"professional tour\" of the city with Ron, culminating in a sexual relationship. Despite agreeing to keep the relationship discreet, Burgundy announces it on air. After a dispute with a motorcyclist ends in Burgundy's dog Baxter being punted off the San DiegoCoronado Bridge, Burgundy is late to work. Corningstone fills in for him on-air, receiving higher ratings than Burgundy usually receives, and the couple breaks up when Burgundy bemoans her success. Corningstone is promoted to co-anchor, to the disgust of the team. The co-anchors become fierce rivals off-air while maintaining a phony cordiality on-air. Depressed, the team (barring Corningstone) decide to buy new suits, but Tamland, who was leading the way, gets them lost in a shady part of town. Confronted by main competitor Wes Mantooth and his news team, Burgundy challenges them to a fight. When several other news teams converge onsite, a full-on melee battle ensues, only to be broken up by police sirens that cause them to flee. Realizing that having a female co-anchor is straining their reputation, Burgundy gets in another heated argument with Veronica, and they get in a physical fight after she insults his hair. After one of Corningstone's co-workers informs her that Burgundy will read anything written on the teleprompter, she sneaks into the station and changes the text in revenge. The next day, Burgundy (unaware of what he is saying) concludes the broadcast with \"Go fuck yourself, San Diego!\", instead of his signature closing line, \"You stay classy, San Diego!\", triggering an angry mob outside the studio and forcing Harken to fire Burgundy. Realizing she went too far, Corningstone attempts to apologize but Burgundy angrily dismisses her apology. Burgundy soon becomes unemployed, friendless, and heavily antagonized by the public, grows depressed, and begins to neglect his duties while Veronica enjoys fame, although her male co-workers work with her grudgingly. Three months later, when a panda is about to give birth, every news team in San Diego rushes to the zoo to cover the story. In an attempt to sabotage her, a rival news anchor pushes Corningstone into a Kodiak bear enclosure. When Ed is unable to locate Veronica, he recruits and rehires Burgundy. Once at the zoo, Burgundy, his personal morale restored, jumps in the bear pen to save Veronica, as the public watches helplessly. The news team then jump in to save Ron and Veronica. Just as a bear is about to attack, Baxter, who miraculously survived, intervenes and encourages the bear to spare them. As the group climbs out of the pit, Wes appears and holds the ladder over the bear pit, threatening to drop Ron back in, and says that deep down he has always hated him, but then admits to Ron that he also respects him and pulls Ron out to safety. After Burgundy and Corningstone reconcile, it is shown that in years to come, Fantana becomes the host of a Fox reality show named Intercourse Island, Tamland is married with 11 children and is a top political adviser to George W. Bush, Kind is a commentator for the NFL before getting fired after being accused by Terry Bradshaw of sexual harassment, and Burgundy and Corningstone are co-anchors for the CNN-esque World News Center."}, {"pageid": 35938622, "title": "Anchorman 2: The Legend Continues", "section": "plot", "sectionid": "1", "plot": "In 1979, Ron Burgundy and Veronica Corningstone are married and are both co-anchors for a prestigious news network in New York City. One day, Mack Tannen, the most famous nightly news anchor in New York, reveals that he is retiring. He intends to promote Corningstone, making her the first female nightly news anchor in the history of television, and to fire Burgundy due to his continuously sloppy performance on air. Burgundy grows jealous of Corningstone's success and storms out of the house, leaving her and their 6-year-old son Walter. Six months later, Burgundy is back in San Diego, but barely able to hold a job due to depression. After being fired from SeaWorld and botching a suicide attempt, Burgundy accepts a job offered to him by Freddie Shapp with GNN, the world's first 24-hour news network, for the station's official launch. Along with his dog Baxter, he reassembles his friends and news team Champ Kind, Brian Fantana, and Brick Tamland. They are assigned the unpopular late-night timeslot while obnoxious rival anchorman Jack Lime is put in a primetime slot. Meanwhile, Burgundy finds that Corningstone has started dating psychologist Gary. As GNN launches, Burgundy decides to broadcast what the people want to hear, rather than what they need to hear. He and his team devise a sensationalist and patriotic newscast. Their new approach proves to be a hit, beating Lime in ratings by a massive margin, and the other news networks scramble to emulate them. Ron also wins a bet with Lime forcing him to legally change his name to Jack Lame. Burgundy and his team are promoted to primetime, where they enjoy fame and fortune. Burgundy's success excites GNN's manager, Linda Jackson, and they begin a romantic relationship. Tamland meets a similarly eccentric GNN office worker named Chani and immediately falls in love. Burgundy lets his newfound fame get to his head and neglects his parental obligations to Walter, angering Corningstone. He also alienates Fantana, Kind, and Tamland, claiming he is tired of carrying them. During a party celebrating GNN's success, Lame causes Burgundy to slip and suffer a head injury, resulting in him becoming blind. Unable to read the news, Burgundy isolates himself in a lighthouse, unable to adjust to his loss of vision. Corningstone arrives with Walter for a visit, announcing that she has quit her own job, and Burgundy bonds with his family, gradually adjusting to his disability. Burgundy and his son rehabilitate a small shark, naming him Doby before setting him free. Later, Burgundy discovers that Corningstone was concealing messages from his eye doctor regarding an experimental procedure, since she thought his blindness has been significant in the family bonding. He leaves angrily, gets his vision restored, and returns to GNN. Back in New York, Burgundy is once again approached by Corningstone, who pleads with him to attend Walter's piano recital. At the same time, an exclusive news story comes in, requiring Burgundy to cover it. However, on live television, Burgundy instead admits that news is supposed to inform, not entertain, and takes responsibility for the mistakes he made, following it up by quitting and walking off. He leaves for Walter's recital but is intercepted by an angered Lame and his team and several other news teams, all of whom want to kill him due to his fame. Kind, Fantana, and Tamland arrive to defend him and a massive battle ensues. Burgundy gets attacked by BBC news team, then Gary rescues him with his mind powers. He tells Burgundy to get to the recital and the group makes a run for it to avoid the news, Burgundy's old arch-rival Wes Mantooth arrives in time to save Burgundy from Lame's news crew, before Tamland accidentally sets off an explosion. Burgundy manages to reach Walter's recital in time, and reconcile with Corningstone. Burgundy, Kind, and Fantana later attend Tamland's and Chani's wedding on the beach. During the wedding, Ron spots Doby in the water and tries to greet him, only to be attacked, forcing Baxter to rescue him."}, {"pageid": 6978600, "title": "Androcles and the Lion (1952 film)", "section": "plot", "sectionid": "1", "plot": "Androcles, a gentle Christian tailor, is on the run from his Roman persecutors, accompanied by his nagging wife Megaera. While they are hiding in the forest, a wild lion approaches them. Megaera swoons, but tender-hearted Androcles sees that a large thorn is deeply embedded in the lion's paw; he draws it out while soothing the beast with baby-talk. While Androcles and the lionwhom he names Tommyare becoming best buddies, his wife escapes, and when soldiers come upon Androcles and Tommy wrestling playfully, he is accused of sorcery. Androcles is next seen in a procession of Christian prisoners on their way to the Colosseum in Rome. They are joined by the fierce recent Christian convert Ferrovius, who subsequently provides much of the comic relief in his struggle to keep his bellicose nature in check. Love interest is provided by the growing attraction between the Roman Captain and the nobly born Christian convert Lavinia. Eventually the party is sent into the arena to be slaughtered, but when Ferrovius demonstrates his powers of conversionand kills all of the gladiatorsAntoninus Caesar declares that all his subjects should become Christians and offers him a commission in the Praetorian Guards. Ferrovius accepts. To appease the crowd, it is necessary to choose one Christian to be savaged by a lion, and Androcles volunteers \"to uphold the honour of the tailors.\" It turns out that the lion is the one that Androcles helped in the forest, and the two waltz round the arena to the delight of the audience. The Emperor dashes behind the scenes to get a closer look and has to be rescued from the lion by Androcles. He then orders an end to the persecution of Christians and allows Androcles and his new 'pet' to depart in peace."}, {"pageid": 30558273, "title": "Andy Hardy Comes Home", "section": "plot", "sectionid": "1", "plot": "Returning to his hometown of Carvel after several years' absence, Andrew \"Andy\" Hardy, now a high-flying West Coast lawyer, reminiscences (in flashbacks to earlier films) about his past. He also reconnects with his mother, aunt, sister, and nephew Jimmy as he attempts to convince the skeptical townsfolk to let his company build a factory there. When his plan to buy land from his old friend Beezy runs into difficulty, Andy brings his wife, Jane, and two children, Andy Jr. and Cricket, to bolster his resolve, and to help him live up to the lessons instilled in him by his late father. While all seems lost, the closing moments reposition the resurrected series for a new set of Andy Hardy films, but these never materialized."}, {"pageid": 3196291, "title": "Andy Warhol's Bad", "section": "plot", "sectionid": "1", "plot": "Hazel Aiken (Carroll Baker) is a Queens housewife and hairdresser who runs an electrolysis parlor in her home. Hazel shares a home with her sister-in-law and infant child and flicks lit cigarettes at her ineffectual husband. She makes extra money by operating a dirty deeds service, connecting clients with sociopaths who perform the jobs. Hazel only hires women, but when one of them can't do a high paying job, she agrees to interview a drifter L.T. (Perry King) recommended by one of the girls. Hazel also receives unwanted attention from Detective Hughes (Charles McGregor), a corrupt cop who wants her to surrender one of her employees so he can make an arrest. Hazel's female employees like P. G. and R.C. wander in and out of the house and occasionally torture her sister-in-law with mean comments about her weight and absent husband. L.T. delights in this and does nothing to prevent it. When it comes time for L.T. to do his job, which is to smother an autistic child in his bedroom while the knowing parents pretend to sleep, things do not go according to plan. L.T. becomes frustrated when the kid does not respond to him and stares inert into space. Feeling sympathy for the child, he brings him to the parents' bedroom and yells, \"Do it yourself!\" When he returns to Hazel's to explain that he did not do the job, Hazel calls him \"sensitive\" and demands her rent money. Detective Hughes is also in the house, to Hazel's surprise, and they argue over their agreement. Hazel calls Hughes \"picky\", which enrages him and he drowns her to death in the kitchen sink. The sister-in-law walks into the kitchen and dispassionately takes Hazel's key to the dial phone's lock and unlocks it."}, {"pageid": 48564020, "title": "An Angel Comes to Brooklyn", "section": "plot", "sectionid": "1", "plot": ""}, {"pageid": 35754206, "title": "An Angel from Texas", "section": "plot", "sectionid": "1", "plot": "Peter \"Tex\" Coleman (Eddie Albert), a butter and egg man from Texas, comes to New York with his mother's life savings to buy a hotel in the big city and be near his stage struck sweetheart, Lydia Weston (Rosemary Lane). Upon his arrival, Tex finds Lydia working as a secretary for a couple of fast-talking producers rather than being the stage star that her home town thinks she has become. Tex is just the angel for whom sharpshooter producers Mac McClure (Wayne Morris) and Marty Allen (Ronald Reagan) have been waiting, because they have a play set for rehearsal but no money to produce it, and their leading lady, Valerie Blayne (Ruth Terry), is adding to their problems by threatening reprisals from her gangster boyfriend, Pooch Davis (Milburn Stone), unless the show opens on schedule. Tex agrees to invest his money in the show if Lydia is given the lead, and when Mac and Marty consent to his terms, the play goes into rehearsal as a drama with two leading ladies. When Valerie threatens Mac with bodily harm unless she plays the lead, Mac informs Tex that he is going to fire Lydia unless he buys the entire show. Sensing that the play would work as a farce, Marty's wife Marge puts up the money on the condition that Tex play the male lead. True to Marge's instincts, on opening night, the play has the audience rolling in the aisles as dynamite planted on stage by Valerie's vindictive boyfriend explodes, and the actors' performances are so bad that they are funny. As a comedy, the show becomes a smash success, but when a plagiarism suit looms on the horizon, Tex and Marge sell the show back to its eager producers and leave them holding the bag."}, {"pageid": 7063839, "title": "Angel in My Pocket", "section": "plot", "sectionid": "1", "plot": "The Reverend Samuel D. Whitehead, ex-Marine, bricklayer, and recent seminary graduate, is ecstatic to receive his first \"calling,\" or assignment as Pastor of his own church. But the Church of the Redeemer in Wood Falls, Kansas, will prove a challenging assignment and nearly his undoing. The trouble begins almost immediately after he drives into town with his family. A political rally connected with the upcoming mayoral campaign has erupted into a no-holds-barred, knock-down, drag-out brawl, which the sheriff will not stop. Sam attempts to intervene and succeeds only in getting struck in the face, so he drives on to see the church. There he learns that the church sorely needs major renovation, which has not been done in decades because the two founding families, the Sinclairs and the Greshams, have been running a feud for decades and cannot agree on the simplest decision that would benefit the church (or on anything else, either). Worse yet, Sam delivers his first sermon by preaching against physical violenceonly to discover most of the brawlers in attendance, including one who blames him for making him vulnerable to someone else's assault. Thereafter Sam spends most of his time trying to improvise to provide for the church needs, speak out on various problems in the community, and, ever more frequently, to run interference between the Sinclair and Gresham families. Each of these endeavors brings him trouble. First, his project to secure a new organ for the church leads to a confrontation with the church board when two town gossips witness him obtaining the organ from a house of Burlesque. Sam's brother-in-law, called \"Bubba,\" offers to help the caretaker repair the superannuated boilerbut unknown to Sam, the two men turn the boiler into a still and start producing raisin jack, a variety of moonshine. Next, he takes his children out of school after seeing the appalling conditions therewhich prompts his Bishop to warn him not to interfere in town affairs. Finally, he performs a marriage between a Sinclair and a Greshamand when the secret gets out at a church social (after \"Bubba\" spikes the church punch with some of his raisin jack), Sam must physically restrain the heads of the families from brawling in the church fellowship hall, and then send everyone home. Not long afterward, the Bishop informs him that he is removed from his pastorate. In one final attempt to save his situation and the community, he persuades his one remaining friend, Attorney Art Shields, to run for mayor as a write-in candidate, with the election two days away. That leads to a confrontation along the main street among three different political parades, including Art's. Then the church's old boiler explodes, and the church burns down to its foundations as a resultand the attempt by the fire department to fight the fire turns pathetic when the fire hose springs multiple leaks. When the Sinclairs and the Greshams argue yet again about who was responsible for the faulty equipment, Sam roars at them to \"go someplace else, yell your heads off, and let this poor church die in peace!\" The next day, the Whiteheads are moving outwhen Art Shields joyously announces that he is trouncing the opposition in the election and will definitely be the next mayor. Art offers Sam a job with the town, but Sam declines, saying that he needs to find another church. But as he is about to leave town, Will Sinclair and Axel Greshamreconciled at last, and at the head of a procession of building-material trucksintercept him, tell him that they intend rebuilding the church, and beg him to stay on."}, {"pageid": 48036892, "title": "Angel's Holiday", "section": "plot", "sectionid": "1", "plot": ""}]}